Zeit,LOAD,Random
2013/10/25 14:28:57,0.48,4
2013/10/25 14:29:02,0.45,6
2013/10/25 14:29:07,0.41,9
2013/10/25 14:29:12,0.38,5
2013/10/25 14:29:17,0.35,0
2013/10/25 14:29:22,0.32,-1
2013/10/25 14:29:27,0.29,-4
2013/10/25 14:29:32,0.59,-4
2013/10/25 14:29:37,0.54,0
2013/10/25 14:29:43,0.50,3
2013/10/25 14:29:48,0.62,-1
2013/10/25 14:29:53,0.65,-6
2013/10/25 14:29:58,0.68,-9
2013/10/25 14:30:03,0.78,-5
2013/10/25 14:30:08,0.80,-9
2013/10/25 14:30:13,1.14,-11
2013/10/25 14:30:18,1.21,-14
2013/10/25 14:30:23,1.27,-17
2013/10/25 14:30:28,1.17,-16
2013/10/25 14:30:33,1.07,-16
2013/10/25 14:30:38,0.99,-13
2013/10/25 14:30:43,0.91,-18
2013/10/25 14:30:48,1.00,-22
2013/10/25 14:30:53,1.08,-26
2013/10/25 14:30:58,1.15,-22
2013/10/25 14:31:03,1.06,-20
2013/10/25 14:31:08,0.97,-17
2013/10/25 14:31:13,0.90,-14
2013/10/25 14:31:18,0.98,-15
2013/10/25 14:31:23,1.07,-11
2013/10/25 14:31:28,0.98,-16
2013/10/25 14:31:33,0.90,-13
2013/10/25 14:31:39,0.83,-10
2013/10/25 14:31:44,0.92,-11
2013/10/25 14:31:49,0.85,-13
2013/10/25 14:31:54,0.78,-18
2013/10/25 14:31:59,0.88,-17
2013/10/25 14:32:04,0.81,-16
2013/10/25 14:32:09,0.74,-16
2013/10/25 14:32:14,0.68,-16
2013/10/25 14:32:19,0.79,-20
2013/10/25 14:32:24,1.05,-24
2013/10/25 14:32:29,1.12,-27
2013/10/25 14:32:34,1.19,-29
2013/10/25 14:32:39,1.01,-31
2013/10/25 14:32:44,0.93,-35
2013/10/25 14:32:49,0.85,-39
2013/10/25 14:32:54,1.03,-41
2013/10/25 14:32:59,1.26,-42
2013/10/25 14:33:04,1.24,-39
2013/10/25 14:33:09,1.22,-42
2013/10/25 14:33:14,1.13,-45
2013/10/25 14:33:19,1.04,-47
2013/10/25 14:33:24,0.95,-45
2013/10/25 14:33:29,0.88,-46
2013/10/25 14:33:34,0.81,-48
2013/10/25 14:33:40,0.74,-47
2013/10/25 14:33:45,0.68,-44
2013/10/25 14:33:50,0.63,-41
2013/10/25 14:33:55,0.58,-45
2013/10/25 14:34:00,0.61,-47
2013/10/25 14:34:05,0.72,-45
2013/10/25 14:34:10,0.90,-45
2013/10/25 14:34:15,1.15,-42
2013/10/25 14:34:20,1.30,-44
2013/10/25 14:34:25,1.28,-43
2013/10/25 14:34:30,1.17,-44
2013/10/25 14:34:35,1.08,-42
2013/10/25 14:34:40,0.99,-39
2013/10/25 14:34:45,0.91,-40
2013/10/25 14:34:50,0.84,-45
2013/10/25 14:34:55,0.77,-45
2013/10/25 14:35:00,0.71,-41
2013/10/25 14:35:05,0.65,-43
2013/10/25 14:35:10,0.68,-48
2013/10/25 14:35:15,0.63,-50
2013/10/25 14:35:20,0.58,-48
2013/10/25 14:35:25,0.53,-49
2013/10/25 14:35:30,0.65,-52
2013/10/25 14:35:35,0.68,-56
2013/10/25 14:35:40,0.78,-54
2013/10/25 14:35:45,0.96,-58
2013/10/25 14:35:51,0.88,-60
2013/10/25 14:35:56,1.05,-65
2013/10/25 14:36:01,0.97,-61
2013/10/25 14:36:06,0.97,-58
2013/10/25 14:36:11,1.05,-59
2013/10/25 14:36:16,1.13,-63
2013/10/25 14:36:21,1.20,-67
2013/10/25 14:36:26,1.26,-65
2013/10/25 14:36:31,1.32,-66
2013/10/25 14:36:36,1.22,-66
2013/10/25 14:36:41,1.12,-71
2013/10/25 14:36:46,1.03,-74
2013/10/25 14:36:51,1.11,-73
2013/10/25 14:36:56,1.02,-69
2013/10/25 14:37:01,0.94,-74
2013/10/25 14:37:06,1.02,-75
2013/10/25 14:37:11,0.94,-77
2013/10/25 14:37:16,0.86,-78
2013/10/25 14:37:21,0.79,-80
2013/10/25 14:37:26,0.73,-78
2013/10/25 14:37:31,0.67,-78
2013/10/25 14:37:36,0.62,-77
2013/10/25 14:37:41,0.73,-81
2013/10/25 14:37:46,0.91,-77
2013/10/25 14:37:51,1.24,-75
2013/10/25 14:37:57,1.14,-74
2013/10/25 14:38:02,1.05,-75
2013/10/25 14:38:07,0.96,-80
2013/10/25 14:38:12,0.89,-81
2013/10/25 14:38:17,0.82,-80
2013/10/25 14:38:22,0.83,-76
2013/10/25 14:38:27,0.76,-77
2013/10/25 14:38:32,0.70,-82
2013/10/25 14:38:37,0.65,-81
2013/10/25 14:38:42,0.76,-79
2013/10/25 14:38:47,0.69,-84
2013/10/25 14:38:52,0.64,-81
2013/10/25 14:38:57,0.99,-83
2013/10/25 14:39:02,0.99,-88
2013/10/25 14:39:07,0.91,-88
2013/10/25 14:39:12,0.84,-91
2013/10/25 14:39:17,0.77,-92
2013/10/25 14:39:22,0.71,-95
2013/10/25 14:39:27,0.65,-94
2013/10/25 14:39:32,0.60,-95
2013/10/25 14:39:37,0.63,-93
2013/10/25 14:39:42,0.58,-91
2013/10/25 14:39:47,0.54,-90
2013/10/25 14:39:53,0.65,-91
2013/10/25 14:39:58,0.60,-93
2013/10/25 14:40:03,0.55,-90
2013/10/25 14:40:08,0.51,-89
2013/10/25 14:40:13,0.47,-91
2013/10/25 14:40:18,0.43,-96
2013/10/25 14:40:23,0.40,-98
2013/10/25 14:40:28,0.36,-102
2013/10/25 14:40:33,0.33,-98
2013/10/25 14:40:38,0.31,-97
2013/10/25 14:40:43,0.28,-93
2013/10/25 14:40:48,0.26,-89
2013/10/25 14:40:53,0.24,-86
2013/10/25 14:40:58,0.22,-82
2013/10/25 14:41:03,0.68,-81
2013/10/25 14:41:08,0.63,-79
2013/10/25 14:41:13,0.58,-82
2013/10/25 14:41:18,0.53,-83
2013/10/25 14:41:23,0.65,-79
2013/10/25 14:41:28,0.68,-77
2013/10/25 14:41:33,0.78,-75
2013/10/25 14:41:38,0.80,-71
2013/10/25 14:41:43,0.74,-70
2013/10/25 14:41:48,0.68,-68
2013/10/25 14:41:54,0.62,-66
2013/10/25 14:41:59,0.57,-69
2013/10/25 14:42:04,0.53,-65
2013/10/25 14:42:09,0.49,-61
2013/10/25 14:42:14,0.45,-66
2013/10/25 14:42:19,0.41,-62
2013/10/25 14:42:24,0.38,-67
2013/10/25 14:42:29,0.35,-67
2013/10/25 14:42:34,0.40,-64
2013/10/25 14:42:39,0.37,-66
2013/10/25 14:42:44,0.34,-63
2013/10/25 14:42:49,0.31,-60
2013/10/25 14:42:54,0.29,-62
2013/10/25 14:42:59,0.26,-65
2013/10/25 14:43:04,0.64,-62
2013/10/25 14:43:09,0.75,-62
2013/10/25 14:43:14,0.69,-59
2013/10/25 14:43:19,0.64,-64
2013/10/25 14:43:24,0.59,-62
2013/10/25 14:43:29,0.70,-63
2013/10/25 14:43:34,0.64,-63
2013/10/25 14:43:39,0.59,-65
2013/10/25 14:43:44,0.54,-62
2013/10/25 14:43:49,0.58,-67
2013/10/25 14:43:54,0.77,-66
2013/10/25 14:44:00,0.87,-66
2013/10/25 14:44:05,0.74,-67
2013/10/25 14:44:10,0.68,-64
2013/10/25 14:44:15,0.63,-61
2013/10/25 14:44:20,0.58,-61
2013/10/25 14:44:25,0.53,-64
2013/10/25 14:44:30,0.49,-62
2013/10/25 14:44:35,0.69,-61
2013/10/25 14:44:40,0.63,-57
2013/10/25 14:44:45,0.58,-62
2013/10/25 14:44:50,0.54,-63
2013/10/25 14:44:55,0.49,-64
2013/10/25 14:45:00,0.45,-65
2013/10/25 14:45:05,0.42,-67
2013/10/25 14:45:10,0.70,-65
2013/10/25 14:45:15,0.97,-65
2013/10/25 14:45:20,0.89,-61
2013/10/25 14:45:25,0.82,-63
2013/10/25 14:45:30,0.75,-59
2013/10/25 14:45:35,0.69,-58
2013/10/25 14:45:40,0.64,-56
2013/10/25 14:45:45,0.67,-52
2013/10/25 14:45:50,0.77,-56
2013/10/25 14:45:55,0.71,-59
2013/10/25 14:46:00,0.65,-61
2013/10/25 14:46:06,0.60,-61
2013/10/25 14:46:11,0.71,-61
2013/10/25 14:46:16,0.66,-62
2013/10/25 14:46:21,0.76,-62
2013/10/25 14:46:26,0.70,-60
2013/10/25 14:46:31,0.65,-59
2013/10/25 14:46:36,0.60,-55
2013/10/25 14:46:41,0.87,-55
2013/10/25 14:46:46,0.80,-60
2013/10/25 14:46:51,0.73,-60
2013/10/25 14:46:56,0.68,-60
2013/10/25 14:47:01,0.62,-59
2013/10/25 14:47:06,0.65,-60
2013/10/25 14:47:11,0.60,-58
2013/10/25 14:47:16,0.55,-57
2013/10/25 14:47:21,0.51,-54
2013/10/25 14:47:26,0.47,-53
2013/10/25 14:47:31,0.67,-55
2013/10/25 14:47:36,0.62,-56
2013/10/25 14:47:41,0.57,-61
2013/10/25 14:47:46,0.92,-66
2013/10/25 14:47:51,1.01,-67
2013/10/25 14:47:56,1.01,-69
2013/10/25 14:48:01,0.93,-71
2013/10/25 14:48:07,0.93,-72
2013/10/25 14:48:12,0.86,-76
2013/10/25 14:48:17,0.79,-74
2013/10/25 14:48:22,1.05,-79
2013/10/25 14:48:27,0.96,-80
2013/10/25 14:48:32,0.89,-79
2013/10/25 14:48:37,1.30,-84
2013/10/25 14:48:42,1.35,-86
2013/10/25 14:48:47,1.24,-83
2013/10/25 14:48:52,1.38,-85
2013/10/25 14:48:57,1.43,-82
2013/10/25 14:49:02,1.32,-85
2013/10/25 14:49:07,1.21,-90
2013/10/25 14:49:12,1.12,-95
2013/10/25 14:49:17,1.03,-98
2013/10/25 14:49:22,0.94,-101
2013/10/25 14:49:27,0.87,-100
2013/10/25 14:49:32,0.80,-99
2013/10/25 14:49:37,0.74,-102
2013/10/25 14:49:42,0.68,-101
2013/10/25 14:49:47,0.94,-103
2013/10/25 14:49:52,0.87,-105
2013/10/25 14:49:57,0.80,-101
2013/10/25 14:50:02,0.73,-106
2013/10/25 14:50:08,0.83,-105
2013/10/25 14:50:13,0.77,-107
2013/10/25 14:50:18,0.71,-108
2013/10/25 14:50:23,0.81,-113
2013/10/25 14:50:28,0.75,-117
2013/10/25 14:50:33,0.69,-121
2013/10/25 14:50:38,0.63,-122
2013/10/25 14:50:43,0.58,-123
2013/10/25 14:50:48,0.53,-125
2013/10/25 14:50:53,0.49,-121
2013/10/25 14:50:58,0.45,-118
2013/10/25 14:51:03,0.50,-122
2013/10/25 14:51:08,0.46,-125
2013/10/25 14:51:13,0.42,-127
2013/10/25 14:51:18,0.39,-131
2013/10/25 14:51:23,0.35,-128
2013/10/25 14:51:28,0.33,-131
2013/10/25 14:51:33,0.30,-131
2013/10/25 14:51:38,0.28,-133
2013/10/25 14:51:43,0.25,-136
2013/10/25 14:51:48,0.23,-137
2013/10/25 14:51:53,0.22,-135
2013/10/25 14:51:58,0.20,-139
2013/10/25 14:52:04,0.42,-141
2013/10/25 14:52:09,0.55,-140
2013/10/25 14:52:14,0.58,-144
2013/10/25 14:52:19,0.54,-144
2013/10/25 14:52:24,0.50,-147
2013/10/25 14:52:29,0.46,-144
2013/10/25 14:52:34,0.50,-148
2013/10/25 14:52:39,0.62,-146
2013/10/25 14:52:44,0.73,-148
2013/10/25 14:52:49,0.83,-147
2013/10/25 14:52:54,0.84,-148
2013/10/25 14:52:59,0.94,-144
2013/10/25 14:53:04,0.86,-148
2013/10/25 14:53:09,0.79,-148
2013/10/25 14:53:14,0.73,-146
2013/10/25 14:53:19,0.67,-146
2013/10/25 14:53:24,0.62,-149
2013/10/25 14:53:29,0.57,-146
2013/10/25 14:53:34,0.52,-147
2013/10/25 14:53:40,0.48,-151
2013/10/25 14:53:45,0.44,-154
2013/10/25 14:53:50,0.57,-158
2013/10/25 14:53:55,0.52,-157
2013/10/25 14:54:00,0.48,-154
2013/10/25 14:54:05,0.44,-158
2013/10/25 14:54:10,0.65,-156
2013/10/25 14:54:15,0.59,-160
2013/10/25 14:54:20,0.55,-158
2013/10/25 14:54:25,0.66,-156
2013/10/25 14:54:30,0.61,-159
2013/10/25 14:54:35,0.56,-158
2013/10/25 14:54:40,0.60,-156
2013/10/25 14:54:45,0.58,-155
2013/10/25 14:54:50,0.53,-160
2013/10/25 14:54:55,0.65,-157
2013/10/25 14:55:00,0.60,-154
2013/10/25 14:55:05,0.71,-158
2013/10/25 14:55:10,0.65,-161
2013/10/25 14:55:15,0.60,-164
2013/10/25 14:55:20,0.71,-167
2013/10/25 14:55:25,0.66,-171
2013/10/25 14:55:31,0.84,-176
2013/10/25 14:55:36,0.78,-176
2013/10/25 14:55:41,0.71,-172
2013/10/25 14:55:46,0.82,-171
2013/10/25 14:55:51,0.75,-175
2013/10/25 14:55:56,0.77,-171
2013/10/25 14:56:01,0.95,-174
2013/10/25 14:56:06,1.03,-179
2013/10/25 14:56:11,1.19,-184
2013/10/25 14:56:16,1.34,-184
2013/10/25 14:56:21,1.23,-185
2013/10/25 14:56:26,1.21,-188
2013/10/25 14:56:31,1.27,-192
2013/10/25 14:56:36,1.25,-192
2013/10/25 14:56:41,1.31,-188
2013/10/25 14:56:46,1.37,-188
2013/10/25 14:56:51,1.50,-190
2013/10/25 14:56:56,1.54,-186
2013/10/25 14:57:01,1.65,-186
2013/10/25 14:57:06,1.76,-182
2013/10/25 14:57:11,1.70,-183
2013/10/25 14:57:16,1.73,-187
2013/10/25 14:57:21,2.23,-188
2013/10/25 14:57:26,2.29,-187
2013/10/25 14:57:32,2.11,-187
2013/10/25 14:57:37,1.94,-187
2013/10/25 14:57:42,1.78,-191
2013/10/25 14:57:47,1.72,-196
2013/10/25 14:57:52,1.66,-199
2013/10/25 14:57:57,1.85,-202
2013/10/25 14:58:02,1.70,-201
2013/10/25 14:58:07,1.57,-197
2013/10/25 14:58:12,1.52,-202
2013/10/25 14:58:17,1.64,-203
2013/10/25 14:58:22,1.67,-207
2013/10/25 14:58:27,1.61,-206
2013/10/25 14:58:32,1.48,-202
2013/10/25 14:58:37,1.37,-205
2013/10/25 14:58:42,1.26,-205
2013/10/25 14:58:47,1.16,-205
2013/10/25 14:58:52,1.06,-209
2013/10/25 14:58:57,0.98,-205
2013/10/25 14:59:02,0.98,-203
2013/10/25 14:59:07,0.90,-205
2013/10/25 14:59:12,0.91,-208
2013/10/25 14:59:17,0.84,-212
2013/10/25 14:59:22,0.77,-210
2013/10/25 14:59:27,0.79,-206
2013/10/25 14:59:33,0.72,-210
2013/10/25 14:59:38,0.67,-214
2013/10/25 14:59:43,0.77,-217
2013/10/25 14:59:48,0.71,-215
2013/10/25 14:59:53,0.65,-215
2013/10/25 14:59:58,0.68,-213
2013/10/25 15:00:03,0.63,-212
2013/10/25 15:00:08,0.82,-211
2013/10/25 15:00:13,0.75,-208
2013/10/25 15:00:18,0.69,-210
2013/10/25 15:00:23,0.64,-213
2013/10/25 15:00:28,0.83,-212
2013/10/25 15:00:33,0.76,-215
2013/10/25 15:00:38,0.70,-211
2013/10/25 15:00:43,0.80,-215
2013/10/25 15:00:48,0.98,-213
2013/10/25 15:00:53,0.90,-210
2013/10/25 15:00:58,0.83,-211
2013/10/25 15:01:03,0.76,-211
2013/10/25 15:01:08,0.78,-213
2013/10/25 15:01:13,0.88,-209
2013/10/25 15:01:18,0.97,-210
2013/10/25 15:01:23,1.05,-206
2013/10/25 15:01:28,1.05,-203
2013/10/25 15:01:33,1.12,-206
2013/10/25 15:01:39,1.35,-204
2013/10/25 15:01:44,1.49,-207
2013/10/25 15:01:49,1.45,-207
2013/10/25 15:01:54,1.33,-205
2013/10/25 15:01:59,1.22,-203
2013/10/25 15:02:04,1.13,-201
2013/10/25 15:02:09,1.12,-198
2013/10/25 15:02:14,1.19,-194
2013/10/25 15:02:19,1.09,-193
2013/10/25 15:02:24,1.24,-191
2013/10/25 15:02:29,1.22,-188
2013/10/25 15:02:34,1.13,-186
2013/10/25 15:02:39,1.28,-184
2013/10/25 15:02:44,1.49,-187
2013/10/25 15:02:49,1.62,-187
2013/10/25 15:02:54,1.49,-184
2013/10/25 15:02:59,1.45,-187
2013/10/25 15:03:04,1.33,-186
2013/10/25 15:03:09,1.46,-191
2013/10/25 15:03:14,1.35,-187
2013/10/25 15:03:19,1.40,-191
2013/10/25 15:03:24,1.45,-189
2013/10/25 15:03:29,1.33,-193
2013/10/25 15:03:35,1.23,-193
2013/10/25 15:03:40,1.13,-197
2013/10/25 15:03:45,1.04,-202
2013/10/25 15:03:50,0.95,-203
2013/10/25 15:03:55,0.88,-203
2013/10/25 15:04:00,0.81,-206
2013/10/25 15:04:05,0.82,-206
2013/10/25 15:04:10,0.76,-210
2013/10/25 15:04:15,0.70,-211
2013/10/25 15:04:20,0.64,-212
2013/10/25 15:04:25,0.59,-212
2013/10/25 15:04:30,0.54,-216
2013/10/25 15:04:35,0.50,-221
2013/10/25 15:04:40,0.46,-225
2013/10/25 15:04:45,0.42,-228
2013/10/25 15:04:50,0.39,-224
2013/10/25 15:04:55,0.36,-228
2013/10/25 15:05:00,0.65,-224
2013/10/25 15:05:05,0.60,-229
2013/10/25 15:05:10,0.71,-231
2013/10/25 15:05:15,0.65,-235
2013/10/25 15:05:20,0.60,-232
2013/10/25 15:05:25,0.55,-230
2013/10/25 15:05:30,0.51,-233
2013/10/25 15:05:36,0.63,-234
2013/10/25 15:05:41,0.66,-239
2013/10/25 15:05:46,0.70,-239
2013/10/25 15:05:51,1.29,-239
2013/10/25 15:05:56,1.19,-236
2013/10/25 15:06:01,1.09,-233
2013/10/25 15:06:06,1.00,-236
2013/10/25 15:06:11,0.92,-235
2013/10/25 15:06:16,0.85,-237
2013/10/25 15:06:21,0.94,-237
2013/10/25 15:06:26,0.87,-241
2013/10/25 15:06:31,0.80,-240
2013/10/25 15:06:36,0.73,-238
2013/10/25 15:06:41,0.67,-234
2013/10/25 15:06:46,0.62,-234
2013/10/25 15:06:51,0.57,-239
2013/10/25 15:06:56,0.52,-237
2013/10/25 15:07:01,0.64,-236
2013/10/25 15:07:06,0.75,-233
2013/10/25 15:07:11,0.69,-234
2013/10/25 15:07:16,0.64,-239
2013/10/25 15:07:21,0.59,-239
2013/10/25 15:07:26,0.54,-244
2013/10/25 15:07:32,0.50,-249
2013/10/25 15:07:37,0.46,-254
2013/10/25 15:07:42,0.66,-257
2013/10/25 15:07:47,0.61,-256
2013/10/25 15:07:52,0.56,-254
2013/10/25 15:07:57,0.67,-254
2013/10/25 15:08:02,1.02,-257
2013/10/25 15:08:07,1.02,-255
2013/10/25 15:08:12,0.94,-260
2013/10/25 15:08:17,0.86,-256
2013/10/25 15:08:22,0.87,-253
2013/10/25 15:08:27,0.80,-256
2013/10/25 15:08:32,0.82,-260
2013/10/25 15:08:37,0.75,-264
2013/10/25 15:08:42,0.77,-262
2013/10/25 15:08:47,0.87,-267
2013/10/25 15:08:52,1.20,-266
2013/10/25 15:08:57,1.27,-265
2013/10/25 15:09:02,1.40,-266
2013/10/25 15:09:07,1.37,-267
2013/10/25 15:09:12,1.26,-271
2013/10/25 15:09:17,1.16,-270
2013/10/25 15:09:22,1.07,-272
2013/10/25 15:09:27,0.98,-274
2013/10/25 15:09:32,0.90,-273
2013/10/25 15:09:38,0.83,-278
2013/10/25 15:09:43,0.77,-276
2013/10/25 15:09:48,0.70,-281
2013/10/25 15:09:53,0.65,-281
2013/10/25 15:09:58,0.76,-284
2013/10/25 15:10:03,0.78,-287
2013/10/25 15:10:08,0.79,-287
2013/10/25 15:10:13,0.73,-283
2013/10/25 15:10:18,0.67,-288
2013/10/25 15:10:23,0.62,-290
2013/10/25 15:10:28,0.57,-291
2013/10/25 15:10:33,0.60,-296
2013/10/25 15:10:38,0.56,-296
2013/10/25 15:10:43,0.59,-295
2013/10/25 15:10:48,0.54,-293
2013/10/25 15:10:53,0.50,-297
2013/10/25 15:10:58,0.46,-301
2013/10/25 15:11:03,0.66,-302
2013/10/25 15:11:08,0.61,-300
2013/10/25 15:11:13,0.56,-299
2013/10/25 15:11:18,0.76,-300
2013/10/25 15:11:23,0.70,-304
2013/10/25 15:11:29,0.64,-305
2013/10/25 15:11:34,0.59,-303
2013/10/25 15:11:39,0.70,-305
2013/10/25 15:11:44,0.81,-309
2013/10/25 15:11:49,0.90,-312
2013/10/25 15:11:54,0.99,-317
2013/10/25 15:11:59,0.99,-319
2013/10/25 15:12:04,1.63,-316
2013/10/25 15:12:09,1.50,-315
2013/10/25 15:12:14,1.62,-319
2013/10/25 15:12:19,1.49,-321
2013/10/25 15:12:24,1.45,-326
2013/10/25 15:12:29,1.34,-330
2013/10/25 15:12:34,1.31,-331
2013/10/25 15:12:39,1.28,-331
2013/10/25 15:12:44,1.58,-331
2013/10/25 15:12:49,1.45,-331
2013/10/25 15:12:54,1.34,-332
2013/10/25 15:12:59,1.23,-336
2013/10/25 15:13:04,1.37,-339
2013/10/25 15:13:09,1.26,-342
2013/10/25 15:13:14,1.16,-347
2013/10/25 15:13:19,1.07,-343
2013/10/25 15:13:24,0.98,-345
2013/10/25 15:13:30,0.90,-350
2013/10/25 15:13:35,0.83,-351
2013/10/25 15:13:40,0.77,-348
2013/10/25 15:13:45,0.86,-348
2013/10/25 15:13:50,1.04,-353
2013/10/25 15:13:55,0.95,-352
2013/10/25 15:14:00,1.04,-351
2013/10/25 15:14:05,1.03,-349
2013/10/25 15:14:10,1.19,-350
2013/10/25 15:14:15,1.42,-350
2013/10/25 15:14:20,1.38,-351
2013/10/25 15:14:25,1.43,-348
2013/10/25 15:14:30,1.32,-346
2013/10/25 15:14:35,1.61,-342
2013/10/25 15:14:40,1.48,-344
2013/10/25 15:14:45,1.36,-348
2013/10/25 15:14:50,1.26,-353
2013/10/25 15:14:55,1.23,-355
2013/10/25 15:15:00,1.14,-353
2013/10/25 15:15:05,1.29,-354
2013/10/25 15:15:10,1.42,-358
2013/10/25 15:15:15,1.31,-356
2013/10/25 15:15:21,1.20,-356
2013/10/25 15:15:26,1.11,-355
2013/10/25 15:15:31,1.02,-358
2013/10/25 15:15:36,0.94,-354
2013/10/25 15:15:41,0.86,-355
2013/10/25 15:15:46,0.79,-360
2013/10/25 15:15:51,1.05,-362
2013/10/25 15:15:56,0.97,-358
2013/10/25 15:16:01,0.89,-355
2013/10/25 15:16:06,1.06,-352
2013/10/25 15:16:11,0.97,-348
2013/10/25 15:16:16,1.06,-348
2013/10/25 15:16:21,1.13,-345
2013/10/25 15:16:26,1.12,-350
2013/10/25 15:16:31,1.10,-355
2013/10/25 15:16:36,1.25,-354
2013/10/25 15:16:41,1.31,-359
2013/10/25 15:16:46,1.20,-362
2013/10/25 15:16:51,1.11,-358
2013/10/25 15:16:56,1.02,-355
2013/10/25 15:17:01,1.02,-356
2013/10/25 15:17:06,1.02,-358
2013/10/25 15:17:11,0.93,-358
2013/10/25 15:17:17,0.86,-360
2013/10/25 15:17:22,0.87,-362
2013/10/25 15:17:27,0.88,-364
2013/10/25 15:17:32,0.89,-364
2013/10/25 15:17:37,0.98,-362
2013/10/25 15:17:42,0.90,-360
2013/10/25 15:17:47,1.07,-358
2013/10/25 15:17:52,1.38,-361
2013/10/25 15:17:57,1.35,-365
2013/10/25 15:18:02,1.40,-364
2013/10/25 15:18:07,1.53,-365
2013/10/25 15:18:12,1.41,-366
2013/10/25 15:18:17,1.46,-365
2013/10/25 15:18:22,1.58,-364
2013/10/25 15:18:27,1.45,-368
2013/10/25 15:18:32,1.42,-367
2013/10/25 15:18:37,1.30,-363
2013/10/25 15:18:42,1.36,-367
2013/10/25 15:18:47,1.41,-366
2013/10/25 15:18:52,1.46,-367
2013/10/25 15:18:57,1.34,-365
2013/10/25 15:19:02,1.23,-369
2013/10/25 15:19:08,1.14,-370
2013/10/25 15:19:13,1.04,-374
2013/10/25 15:19:18,0.96,-377
2013/10/25 15:19:23,1.04,-376
2013/10/25 15:19:28,0.96,-381
2013/10/25 15:19:33,0.88,-385
2013/10/25 15:19:38,0.81,-384
2013/10/25 15:19:43,0.75,-380
2013/10/25 15:19:48,0.69,-381
2013/10/25 15:19:53,0.63,-377
2013/10/25 15:19:58,0.58,-376
2013/10/25 15:20:03,0.70,-380
2013/10/25 15:20:08,0.72,-380
2013/10/25 15:20:13,0.66,-384
2013/10/25 15:20:18,0.61,-384
2013/10/25 15:20:23,0.72,-383
2013/10/25 15:20:28,0.66,-385
2013/10/25 15:20:33,1.09,-385
2013/10/25 15:20:38,1.16,-385
2013/10/25 15:20:43,1.39,-387
2013/10/25 15:20:48,1.44,-388
2013/10/25 15:20:53,1.56,-392
2013/10/25 15:20:58,1.60,-397
2013/10/25 15:21:03,1.71,-400
2013/10/25 15:21:09,1.57,-401
2013/10/25 15:21:14,1.45,-397
2013/10/25 15:21:19,1.33,-394
2013/10/25 15:21:24,1.23,-398
2013/10/25 15:21:29,1.13,-396
2013/10/25 15:21:34,1.04,-396
2013/10/25 15:21:39,0.95,-400
2013/10/25 15:21:44,0.88,-403
2013/10/25 15:21:49,0.81,-408
2013/10/25 15:21:54,0.74,-407
2013/10/25 15:21:59,0.68,-411
2013/10/25 15:22:04,0.79,-410
2013/10/25 15:22:09,0.81,-414
2013/10/25 15:22:14,0.90,-414
2013/10/25 15:22:19,0.99,-417
2013/10/25 15:22:24,1.07,-421
2013/10/25 15:22:29,1.14,-424
2013/10/25 15:22:34,1.37,-428
2013/10/25 15:22:39,1.42,-424
2013/10/25 15:22:44,1.39,-426
2013/10/25 15:22:49,1.44,-422
2013/10/25 15:22:54,1.32,-421
2013/10/25 15:23:00,1.38,-417
2013/10/25 15:23:05,1.51,-419
2013/10/25 15:23:10,1.55,-420
2013/10/25 15:23:15,1.42,-418
2013/10/25 15:23:20,1.31,-417
2013/10/25 15:23:25,1.20,-413
2013/10/25 15:23:30,1.11,-414
2013/10/25 15:23:35,1.18,-417
2013/10/25 15:23:40,1.08,-417
2013/10/25 15:23:45,1.16,-418
2013/10/25 15:23:50,1.31,-418
2013/10/25 15:23:55,1.28,-419
2013/10/25 15:24:00,1.18,-421
2013/10/25 15:24:05,1.16,-424
2013/10/25 15:24:10,1.07,-421
2013/10/25 15:24:15,0.99,-421
2013/10/25 15:24:20,0.91,-418
2013/10/25 15:24:25,0.83,-418
2013/10/25 15:24:30,0.77,-421
2013/10/25 15:24:35,0.87,-422
2013/10/25 15:24:40,1.28,-427
2013/10/25 15:24:45,1.33,-423
2013/10/25 15:24:50,1.63,-422
2013/10/25 15:24:55,2.06,-422
2013/10/25 15:25:01,1.89,-423
2013/10/25 15:25:06,1.90,-425
2013/10/25 15:25:11,1.83,-430
2013/10/25 15:25:16,1.84,-427
2013/10/25 15:25:21,1.70,-428
2013/10/25 15:25:26,1.64,-430
2013/10/25 15:25:31,1.51,-426
2013/10/25 15:25:36,1.71,-425
2013/10/25 15:25:41,1.57,-429
2013/10/25 15:25:46,1.61,-432
2013/10/25 15:25:51,1.48,-435
2013/10/25 15:25:56,1.36,-435
2013/10/25 15:26:01,1.49,-433
2013/10/25 15:26:06,1.69,-436
2013/10/25 15:26:11,1.56,-441
2013/10/25 15:26:16,1.51,-439
2013/10/25 15:26:21,1.39,-444
2013/10/25 15:26:26,1.28,-447
2013/10/25 15:26:31,1.18,-444
2013/10/25 15:26:36,1.24,-445
2013/10/25 15:26:41,1.30,-449
2013/10/25 15:26:46,1.20,-453
2013/10/25 15:26:51,1.26,-451
2013/10/25 15:26:57,1.32,-456
2013/10/25 15:27:02,1.46,-461
2013/10/25 15:27:07,1.66,-466
2013/10/25 15:27:12,1.41,-471
2013/10/25 15:27:17,1.29,-474
2013/10/25 15:27:22,1.35,-470
2013/10/25 15:27:27,1.24,-466
2013/10/25 15:27:32,1.54,-463
2013/10/25 15:27:37,1.42,-461
2013/10/25 15:27:42,1.31,-460
2013/10/25 15:27:47,1.20,-456
2013/10/25 15:27:52,1.10,-458
2013/10/25 15:27:57,1.02,-454
2013/10/25 15:28:02,1.01,-450
2013/10/25 15:28:07,0.93,-447
2013/10/25 15:28:12,0.86,-448
2013/10/25 15:28:17,0.79,-447
2013/10/25 15:28:22,0.73,-443
2013/10/25 15:28:27,0.67,-444
2013/10/25 15:28:32,0.61,-440
2013/10/25 15:28:37,0.73,-441
2013/10/25 15:28:42,0.99,-443
2013/10/25 15:28:48,0.91,-442
2013/10/25 15:28:53,0.92,-445
2013/10/25 15:28:58,0.84,-448
2013/10/25 15:29:03,0.86,-453
2013/10/25 15:29:08,0.87,-449
2013/10/25 15:29:13,0.80,-446
2013/10/25 15:29:18,0.81,-442
2013/10/25 15:29:23,0.75,-447
2013/10/25 15:29:28,1.01,-450
2013/10/25 15:29:33,0.93,-454
2013/10/25 15:29:38,1.01,-458
2013/10/25 15:29:43,1.01,-456
2013/10/25 15:29:48,1.01,-452
2013/10/25 15:29:53,0.93,-453
2013/10/25 15:29:58,0.86,-458
2013/10/25 15:30:03,1.11,-459
2013/10/25 15:30:08,1.10,-463
2013/10/25 15:30:13,1.01,-464
2013/10/25 15:30:18,0.93,-468
2013/10/25 15:30:23,0.86,-464
2013/10/25 15:30:28,0.79,-461
2013/10/25 15:30:33,0.72,-462
2013/10/25 15:30:38,0.75,-466
2013/10/25 15:30:44,1.01,-471
2013/10/25 15:30:49,0.93,-468
2013/10/25 15:30:54,1.01,-467
2013/10/25 15:30:59,1.01,-471
2013/10/25 15:31:04,1.01,-470
2013/10/25 15:31:09,1.09,-469
2013/10/25 15:31:14,1.00,-473
2013/10/25 15:31:19,1.16,-477
2013/10/25 15:31:24,1.07,-479
2013/10/25 15:31:29,1.06,-480
2013/10/25 15:31:34,0.98,-476
2013/10/25 15:31:39,0.90,-477
2013/10/25 15:31:44,0.83,-480
2013/10/25 15:31:49,0.76,-476
2013/10/25 15:31:54,0.70,-474
2013/10/25 15:31:59,0.64,-479
2013/10/25 15:32:04,0.75,-483
2013/10/25 15:32:09,0.69,-483
2013/10/25 15:32:14,0.64,-486
2013/10/25 15:32:19,0.59,-489
2013/10/25 15:32:24,0.54,-493
2013/10/25 15:32:29,0.50,-491
2013/10/25 15:32:35,0.46,-490
2013/10/25 15:32:40,0.42,-488
2013/10/25 15:32:45,0.63,-493
2013/10/25 15:32:50,0.74,-496
2013/10/25 15:32:55,0.76,-493
2013/10/25 15:33:00,0.70,-498
2013/10/25 15:33:05,0.80,-499
2013/10/25 15:33:10,0.90,-500
2013/10/25 15:33:15,0.83,-502
2013/10/25 15:33:20,0.76,-506
2013/10/25 15:33:25,0.70,-505
2013/10/25 15:33:30,0.64,-507
2013/10/25 15:33:35,0.59,-505
2013/10/25 15:33:40,0.54,-509
2013/10/25 15:33:45,0.50,-510
2013/10/25 15:33:50,0.46,-511
2013/10/25 15:33:55,0.42,-511
2013/10/25 15:34:00,0.39,-513
2013/10/25 15:34:05,0.44,-513
2013/10/25 15:34:10,0.40,-515
2013/10/25 15:34:15,0.37,-513
2013/10/25 15:34:20,0.34,-518
2013/10/25 15:34:26,0.31,-514
2013/10/25 15:34:31,0.29,-517
2013/10/25 15:34:36,0.27,-515
2013/10/25 15:34:41,0.24,-514
2013/10/25 15:34:46,0.31,-516
2013/10/25 15:34:51,0.28,-514
2013/10/25 15:34:56,0.26,-516
2013/10/25 15:35:01,0.40,-515
2013/10/25 15:35:06,0.61,-512
2013/10/25 15:35:11,0.80,-512
2013/10/25 15:35:16,0.89,-515
2013/10/25 15:35:21,1.06,-517
2013/10/25 15:35:26,0.98,-515
2013/10/25 15:35:31,0.90,-513
2013/10/25 15:35:36,0.83,-510
2013/10/25 15:35:41,0.76,-513
2013/10/25 15:35:46,0.70,-511
2013/10/25 15:35:51,0.64,-509
2013/10/25 15:35:56,0.59,-510
2013/10/25 15:36:01,0.54,-510
2013/10/25 15:36:06,0.58,-508
2013/10/25 15:36:11,0.54,-512
2013/10/25 15:36:16,0.49,-512
2013/10/25 15:36:21,0.45,-512
2013/10/25 15:36:27,0.42,-516
2013/10/25 15:36:32,0.38,-520
2013/10/25 15:36:37,0.35,-519
2013/10/25 15:36:42,0.32,-524
2013/10/25 15:36:47,0.62,-527
2013/10/25 15:36:52,0.57,-526
2013/10/25 15:36:57,0.52,-528
2013/10/25 15:37:02,0.48,-530
2013/10/25 15:37:07,0.44,-527
2013/10/25 15:37:12,0.41,-529
2013/10/25 15:37:17,0.45,-528
2013/10/25 15:37:22,0.50,-530
2013/10/25 15:37:27,0.70,-535
2013/10/25 15:37:32,0.59,-533
2013/10/25 15:37:37,0.54,-537
2013/10/25 15:37:42,0.50,-533
2013/10/25 15:37:47,0.46,-533
2013/10/25 15:37:52,0.42,-529
2013/10/25 15:37:57,0.39,-533
2013/10/25 15:38:02,0.52,-529
2013/10/25 15:38:07,0.48,-525
2013/10/25 15:38:12,0.44,-523
2013/10/25 15:38:18,0.48,-527
2013/10/25 15:38:23,0.53,-526
2013/10/25 15:38:28,0.56,-527
2013/10/25 15:38:33,0.76,-530
2013/10/25 15:38:38,0.86,-535
2013/10/25 15:38:43,0.87,-538
2013/10/25 15:38:48,0.88,-543
2013/10/25 15:38:53,0.89,-543
2013/10/25 15:38:58,0.98,-539
2013/10/25 15:39:03,1.06,-544
2013/10/25 15:39:08,1.06,-540
2013/10/25 15:39:13,1.13,-538
2013/10/25 15:39:18,1.04,-534
2013/10/25 15:39:23,0.96,-537
2013/10/25 15:39:28,0.96,-537
2013/10/25 15:39:33,0.88,-537
2013/10/25 15:39:38,0.89,-542
2013/10/25 15:39:43,0.82,-541
2013/10/25 15:39:48,0.76,-542
2013/10/25 15:39:53,0.69,-547
2013/10/25 15:39:58,0.64,-548
2013/10/25 15:40:03,0.59,-544
2013/10/25 15:40:09,0.62,-545
2013/10/25 15:40:14,0.57,-547
2013/10/25 15:40:19,0.53,-548
2013/10/25 15:40:24,0.48,-546
2013/10/25 15:40:29,0.44,-548
2013/10/25 15:40:34,0.41,-549
2013/10/25 15:40:39,0.38,-549
2013/10/25 15:40:44,0.35,-547
2013/10/25 15:40:49,0.32,-543
2013/10/25 15:40:54,0.29,-544
2013/10/25 15:40:59,0.27,-540
2013/10/25 15:41:04,0.25,-536
2013/10/25 15:41:09,0.23,-541
2013/10/25 15:41:14,0.21,-543
2013/10/25 15:41:19,0.19,-544
2013/10/25 15:41:24,0.18,-544
2013/10/25 15:41:29,0.16,-544
2013/10/25 15:41:34,0.15,-547
2013/10/25 15:41:39,0.14,-552
2013/10/25 15:41:44,0.13,-554
2013/10/25 15:41:49,0.12,-557
2013/10/25 15:41:54,0.11,-559
2013/10/25 15:42:00,0.10,-555
2013/10/25 15:42:05,0.09,-558
2013/10/25 15:42:10,0.08,-562
2013/10/25 15:42:15,0.08,-559
2013/10/25 15:42:20,0.07,-556
2013/10/25 15:42:25,0.06,-554
2013/10/25 15:42:30,0.06,-559
2013/10/25 15:42:35,0.05,-560
2013/10/25 15:42:40,0.05,-563
2013/10/25 15:42:45,0.05,-561
2013/10/25 15:42:50,0.04,-564
2013/10/25 15:42:55,0.04,-568
2013/10/25 15:43:00,0.04,-564
2013/10/25 15:43:05,0.03,-567
2013/10/25 15:43:10,0.19,-571
2013/10/25 15:43:15,0.34,-572
2013/10/25 15:43:20,0.31,-569
2013/10/25 15:43:25,0.28,-571
2013/10/25 15:43:30,0.26,-576
2013/10/25 15:43:35,0.24,-574
2013/10/25 15:43:40,0.22,-579
2013/10/25 15:43:45,0.20,-582
2013/10/25 15:43:51,0.19,-582
2013/10/25 15:43:56,0.17,-579
2013/10/25 15:44:01,0.16,-575
2013/10/25 15:44:06,0.15,-578
2013/10/25 15:44:11,0.13,-577
2013/10/25 15:44:16,0.12,-574
2013/10/25 15:44:21,0.11,-577
2013/10/25 15:44:26,0.10,-578
2013/10/25 15:44:31,0.10,-580
2013/10/25 15:44:36,0.09,-579
2013/10/25 15:44:41,0.08,-583
2013/10/25 15:44:46,0.07,-581
2013/10/25 15:44:51,0.07,-577
2013/10/25 15:44:56,0.06,-581
2013/10/25 15:45:01,0.06,-584
2013/10/25 15:45:06,0.05,-581
2013/10/25 15:45:11,0.13,-577
2013/10/25 15:45:16,0.12,-577
2013/10/25 15:45:21,0.11,-575
2013/10/25 15:45:26,0.10,-578
2013/10/25 15:45:32,0.09,-578
2013/10/25 15:45:37,0.09,-576
2013/10/25 15:45:42,0.08,-573
2013/10/25 15:45:47,0.07,-571
2013/10/25 15:45:52,0.07,-575
2013/10/25 15:45:57,0.06,-572
2013/10/25 15:46:02,0.06,-572
2013/10/25 15:46:07,0.05,-573
2013/10/25 15:46:12,0.05,-572
2013/10/25 15:46:17,0.04,-570
2013/10/25 15:46:22,0.04,-575
2013/10/25 15:46:27,0.04,-571
2013/10/25 15:46:32,0.03,-568
2013/10/25 15:46:37,0.03,-573
2013/10/25 15:46:42,0.03,-577
2013/10/25 15:46:47,0.03,-574
2013/10/25 15:46:52,0.10,-573
2013/10/25 15:46:57,0.10,-577
2013/10/25 15:47:02,0.09,-578
2013/10/25 15:47:07,0.08,-575
2013/10/25 15:47:12,0.08,-576
2013/10/25 15:47:17,0.07,-573
2013/10/25 15:47:23,0.06,-570
2013/10/25 15:47:28,0.38,-568
2013/10/25 15:47:33,0.32,-564
2013/10/25 15:47:38,0.30,-562
2013/10/25 15:47:43,0.27,-560
2013/10/25 15:47:48,0.25,-560
2013/10/25 15:47:53,0.23,-558
2013/10/25 15:47:58,0.29,-558
2013/10/25 15:48:03,0.27,-555
2013/10/25 15:48:08,0.25,-556
2013/10/25 15:48:13,0.23,-553
2013/10/25 15:48:18,0.21,-555
2013/10/25 15:48:23,0.19,-555
2013/10/25 15:48:28,0.18,-558
2013/10/25 15:48:33,0.16,-555
2013/10/25 15:48:38,0.15,-556
2013/10/25 15:48:43,0.14,-553
2013/10/25 15:48:48,0.37,-555
2013/10/25 15:48:53,0.34,-556
2013/10/25 15:48:58,0.31,-559
2013/10/25 15:49:03,0.37,-556
2013/10/25 15:49:08,0.34,-560
2013/10/25 15:49:14,0.31,-558
2013/10/25 15:49:19,0.28,-559
2013/10/25 15:49:24,0.26,-556
2013/10/25 15:49:29,0.24,-555
2013/10/25 15:49:34,0.22,-552
2013/10/25 15:49:39,0.20,-557
2013/10/25 15:49:44,0.19,-560
2013/10/25 15:49:49,0.17,-558
2013/10/25 15:49:54,0.16,-554
2013/10/25 15:49:59,0.15,-556
2013/10/25 15:50:04,0.45,-558
2013/10/25 15:50:09,0.42,-556
2013/10/25 15:50:14,0.38,-552
2013/10/25 15:50:19,0.35,-551
2013/10/25 15:50:24,0.33,-548
2013/10/25 15:50:29,0.30,-546
2013/10/25 15:50:34,0.28,-546
2013/10/25 15:50:39,0.25,-550
2013/10/25 15:50:44,0.23,-547
2013/10/25 15:50:49,0.21,-545
2013/10/25 15:50:54,0.20,-550
2013/10/25 15:51:00,0.34,-547
2013/10/25 15:51:05,0.31,-551
2013/10/25 15:51:10,0.37,-548
2013/10/25 15:51:15,0.34,-553
2013/10/25 15:51:20,0.31,-556
2013/10/25 15:51:25,0.29,-557
2013/10/25 15:51:30,0.26,-557
2013/10/25 15:51:35,0.24,-554
2013/10/25 15:51:40,0.22,-552
2013/10/25 15:51:45,0.21,-551
2013/10/25 15:51:50,0.19,-547
2013/10/25 15:51:55,0.17,-552
2013/10/25 15:52:00,0.16,-550
2013/10/25 15:52:05,0.31,-550
2013/10/25 15:52:10,0.28,-552
2013/10/25 15:52:15,0.26,-549
2013/10/25 15:52:20,0.24,-546
2013/10/25 15:52:25,0.22,-549
2013/10/25 15:52:30,0.20,-550
2013/10/25 15:52:35,0.19,-546
2013/10/25 15:52:40,0.17,-544
2013/10/25 15:52:45,0.16,-547
2013/10/25 15:52:51,0.14,-543
2013/10/25 15:52:56,0.13,-545
2013/10/25 15:53:01,0.28,-545
2013/10/25 15:53:06,0.58,-544
2013/10/25 15:53:11,0.53,-544
2013/10/25 15:53:16,0.49,-544
2013/10/25 15:53:21,0.45,-545
2013/10/25 15:53:26,0.42,-548
2013/10/25 15:53:31,0.38,-544
2013/10/25 15:53:36,0.35,-542
2013/10/25 15:53:41,0.32,-541
2013/10/25 15:53:46,0.30,-543
2013/10/25 15:53:51,0.27,-542
2013/10/25 15:53:56,0.25,-547
2013/10/25 15:54:01,0.23,-548
2013/10/25 15:54:06,0.21,-553
2013/10/25 15:54:11,0.20,-550
2013/10/25 15:54:16,0.18,-553
2013/10/25 15:54:21,0.17,-552
2013/10/25 15:54:26,0.15,-551
2013/10/25 15:54:31,0.14,-548
2013/10/25 15:54:37,0.13,-544
2013/10/25 15:54:42,0.12,-544
2013/10/25 15:54:47,0.11,-546
2013/10/25 15:54:52,0.10,-545
2013/10/25 15:54:57,0.09,-547
2013/10/25 15:55:02,0.09,-547
2013/10/25 15:55:07,0.16,-552
2013/10/25 15:55:12,0.31,-549
2013/10/25 15:55:17,0.52,-550
2013/10/25 15:55:22,0.56,-546
2013/10/25 15:55:27,0.52,-545
2013/10/25 15:55:32,0.47,-544
2013/10/25 15:55:37,0.44,-541
2013/10/25 15:55:42,0.40,-537
2013/10/25 15:55:47,0.37,-541
2013/10/25 15:55:52,0.34,-541
2013/10/25 15:55:57,0.31,-537
2013/10/25 15:56:02,0.29,-540
2013/10/25 15:56:07,0.26,-538
2013/10/25 15:56:12,0.24,-536
2013/10/25 15:56:17,0.22,-538
2013/10/25 15:56:22,0.21,-535
2013/10/25 15:56:28,0.19,-538
2013/10/25 15:56:33,0.17,-535
2013/10/25 15:56:38,0.16,-533
2013/10/25 15:56:43,0.15,-530
2013/10/25 15:56:48,0.14,-527
2013/10/25 15:56:53,0.12,-528
2013/10/25 15:56:58,0.27,-526
2013/10/25 15:57:03,0.25,-522
2013/10/25 15:57:08,0.23,-518
2013/10/25 15:57:13,0.21,-521
2013/10/25 15:57:18,0.20,-523
2013/10/25 15:57:23,0.34,-522
2013/10/25 15:57:28,0.39,-523
2013/10/25 15:57:33,0.48,-528
2013/10/25 15:57:38,0.44,-532
2013/10/25 15:57:43,0.41,-533
2013/10/25 15:57:48,0.37,-537
2013/10/25 15:57:53,0.34,-540
2013/10/25 15:57:58,0.32,-545
2013/10/25 15:58:03,0.29,-542
2013/10/25 15:58:08,0.27,-546
2013/10/25 15:58:13,0.25,-544
2013/10/25 15:58:19,0.23,-541
2013/10/25 15:58:24,0.21,-537
2013/10/25 15:58:29,0.19,-533
2013/10/25 15:58:34,0.18,-529
2013/10/25 15:58:39,0.16,-525
2013/10/25 15:58:44,0.23,-527
2013/10/25 15:58:49,0.29,-525
2013/10/25 15:58:54,0.43,-521
2013/10/25 15:58:59,0.47,-520
2013/10/25 15:59:04,0.44,-523
2013/10/25 15:59:09,0.48,-525
2013/10/25 15:59:14,1.16,-526
2013/10/25 15:59:19,1.23,-529
2013/10/25 15:59:24,1.21,-527
2013/10/25 15:59:29,1.19,-530
2013/10/25 15:59:34,1.18,-530
2013/10/25 15:59:39,1.16,-535
2013/10/25 15:59:44,1.07,-534
2013/10/25 15:59:49,1.15,-535
2013/10/25 15:59:54,1.05,-535
2013/10/25 16:00:00,0.97,-537
2013/10/25 16:00:05,0.97,-537
2013/10/25 16:00:10,0.97,-534
2013/10/25 16:00:15,0.90,-536
2013/10/25 16:00:20,0.90,-534
2013/10/25 16:00:25,0.91,-533
2013/10/25 16:00:30,0.84,-538
2013/10/25 16:00:35,0.77,-542
2013/10/25 16:00:40,0.71,-544
2013/10/25 16:00:45,0.65,-542
2013/10/25 16:00:50,0.60,-541
2013/10/25 16:00:55,0.63,-537
2013/10/25 16:01:00,0.58,-534
2013/10/25 16:01:05,0.54,-531
2013/10/25 16:01:10,0.49,-535
2013/10/25 16:01:15,0.45,-532
2013/10/25 16:01:20,0.42,-531
2013/10/25 16:01:25,0.38,-531
2013/10/25 16:01:30,0.35,-536
2013/10/25 16:01:35,0.32,-535
2013/10/25 16:01:40,0.30,-531
2013/10/25 16:01:46,0.27,-532
2013/10/25 16:01:51,0.25,-531
2013/10/25 16:01:56,0.23,-529
2013/10/25 16:02:01,0.21,-533
2013/10/25 16:02:06,0.20,-538
2013/10/25 16:02:11,0.18,-542
2013/10/25 16:02:16,0.17,-547
2013/10/25 16:02:21,0.15,-547
2013/10/25 16:02:26,0.14,-547
2013/10/25 16:02:31,0.13,-547
2013/10/25 16:02:36,0.12,-552
2013/10/25 16:02:41,0.11,-553
2013/10/25 16:02:46,0.10,-556
2013/10/25 16:02:51,0.17,-555
2013/10/25 16:02:56,0.16,-560
2013/10/25 16:03:01,0.15,-564
2013/10/25 16:03:06,0.14,-569
2013/10/25 16:03:11,0.12,-571
2013/10/25 16:03:16,0.11,-572
2013/10/25 16:03:21,0.11,-570
2013/10/25 16:03:26,0.10,-573
2013/10/25 16:03:32,0.09,-569
2013/10/25 16:03:37,0.40,-569
2013/10/25 16:03:42,0.53,-569
2013/10/25 16:03:47,1.21,-566
2013/10/25 16:03:52,1.35,-568
2013/10/25 16:03:57,1.24,-568
2013/10/25 16:04:02,1.54,-571
2013/10/25 16:04:07,1.82,-568
